Role_Title,Country_Path,Masters_Degree,Masters_Cost_USD,Acceptance_Ease_1_10,Placements_1_10,Global_Employers_Count,Layoff_Recovery_Ease_1_10,Interview_Comp_1_10,Salary_Fresher_USD,Salary_5Yr_USD,Salary_10Yr_USD,Salary_20Yr_USD,Salary_Max_USD,Fresher_Stability_1_10,Senior_Stability_1_10,PR_Ease_1_10,PR_Timeline_Years,AI_Resilience_20Yr_Pct,Remote_Work_1_10,Personal_Profile_Fit_1_10,Cognitive_Alignment_1_10,Primary_Skill,Secondary_Skill,Mid_Career_Role,Endgame_Role
Software Engineer,High-Risk: USA,MS Computer Science,68000,7,9,180000,9,8,125000,180000,260000,360000,600000,7,9,2,8.5,65,9,8,9,Coding,Systems Architecture,Staff Engineer / Engineering Manager,Chief Technology Officer (CTO)
Software Engineer,Safe: AUS/NZ,MS Computer Science,48000,8,8,42000,9,7,92000,135000,185000,240000,340000,8,9,7,3.5,65,8,8,9,Coding,Systems Architecture,Staff Engineer / Engineering Manager,Chief Technology Officer (CTO)
Software Engineer,Safe: CAN,MS Computer Science,36000,7,8,55000,9,7,85000,122000,165000,215000,300000,8,9,8,2.5,65,8,8,9,Coding,Systems Architecture,Staff Engineer / Engineering Manager,Chief Technology Officer (CTO)
Cloud & DevOps Engineer,High-Risk: USA,MS CompSci / Cloud Systems,66000,7,9,85000,9,7,130000,185000,260000,350000,520000,8,9,2,8.5,75,9,8,9,Cloud Infrastructure,Reliability Engineering,Principal DevOps / Infrastructure Lead,VP of Infrastructure / Cloud Architect
Cloud & DevOps Engineer,Safe: AUS/NZ,MS CompSci / Cloud Systems,48000,8,8,20000,9,6,95000,138000,188000,245000,330000,9,9,7,3.5,75,8,8,9,Cloud Infrastructure,Reliability Engineering,Principal DevOps / Infrastructure Lead,VP of Infrastructure / Cloud Architect
Cloud & DevOps Engineer,Safe: CAN,MS CompSci / Cloud Systems,35000,7,8,28000,9,6,88000,125000,165000,215000,285000,9,9,8,2.5,75,8,8,9,Cloud Infrastructure,Reliability Engineering,Principal DevOps / Infrastructure Lead,VP of Infrastructure / Cloud Architect
Data & ML Engineer,High-Risk: USA,MS Artificial Intelligence / CS,75000,7,8,95000,8,9,140000,215000,310000,430000,650000,6,8,2,8.5,72,8,5,9,Machine Learning,Data Engineering,Lead AI Architect / ML Manager,Chief AI Officer (CAIO) / VP of AI
Data & ML Engineer,Safe: AUS/NZ,MS Artificial Intelligence / CS,54000,8,7,22000,8,8,102000,152000,220000,295000,420000,7,8,7,3.5,72,7,5,9,Machine Learning,Data Engineering,Lead AI Architect / ML Manager,Chief AI Officer (CAIO) / VP of AI
Data & ML Engineer,Safe: CAN,MS Artificial Intelligence / CS,42000,7,7,28000,8,8,94000,138000,195000,260000,360000,7,8,8,2.5,72,7,5,9,Machine Learning,Data Engineering,Lead AI Architect / ML Manager,Chief AI Officer (CAIO) / VP of AI
Systems & Embedded Engineer,High-Risk: USA,MS Electrical & Comp Eng,68000,6,8,45000,8,8,122000,175000,245000,330000,460000,8,9,2,8.5,84,4,8,10,Low-Level Coding,Hardware / Firmware,Principal Firmware / Hardware Lead,VP of Hardware Engineering
Systems & Embedded Engineer,Safe: AUS/NZ,MS Electrical & Comp Eng,50000,7,7,9000,8,7,92000,130000,175000,235000,310000,9,9,7,3.5,84,3,8,10,Low-Level Coding,Hardware / Firmware,Principal Firmware / Hardware Lead,VP of Hardware Engineering
Systems & Embedded Engineer,Safe: CAN,MS Electrical & Comp Eng,38000,7,7,12000,8,7,84000,118000,158000,205000,270000,9,9,8,2.5,84,3,8,10,Low-Level Coding,Hardware / Firmware,Principal Firmware / Hardware Lead,VP of Hardware Engineering
3D & Graphics Engineer,High-Risk: USA,MS CompSci (Graphics),72000,7,8,6500,6,8,125000,180000,250000,330000,460000,5,8,2,8.5,76,7,10,9,Real-Time Rendering,3D Math & Shaders,Lead Engine / Graphics Architect,Technical Director (Film / Gaming)
3D & Graphics Engineer,Safe: AUS/NZ,MS CompSci (Graphics),50000,8,7,1800,6,7,88000,124000,160000,200000,270000,7,8,7,3.5,76,6,10,9,Real-Time Rendering,3D Math & Shaders,Lead Engine / Graphics Architect,Technical Director (Film / Gaming)
3D & Graphics Engineer,Safe: CAN,MS CompSci (Graphics),42000,8,7,2400,6,7,80000,112000,145000,180000,235000,7,8,8,2.5,76,6,10,9,Real-Time Rendering,3D Math & Shaders,Lead Engine / Graphics Architect,Technical Director (Film / Gaming)
Robotics Engineer,High-Risk: USA,MS Robotics Eng,80000,6,7,6500,5,8,124000,180000,255000,340000,480000,7,9,2,8.0,83,3,7,9,Robotics & Control,Hardware Integration,Robotics Lead / Automation Architect,VP of Robotics & Automation
Robotics Engineer,Safe: AUS/NZ,MS Robotics Eng,54000,7,6,1500,5,7,88000,125000,160000,205000,270000,8,9,7,3.5,83,3,7,9,Robotics & Control,Hardware Integration,Robotics Lead / Automation Architect,VP of Robotics & Automation
Robotics Engineer,Safe: CAN,MS Robotics Eng,44000,7,6,2000,5,7,80000,114000,145000,185000,240000,8,9,8,2.5,83,3,7,9,Robotics & Control,Hardware Integration,Robotics Lead / Automation Architect,VP of Robotics & Automation
Digital Twin & Simulation Engineer,High-Risk: USA,MS Systems / Industrial Eng,68000,7,8,8200,6,7,118000,172000,245000,320000,420000,7,8,2,8.5,80,6,9,9,Physics Simulation,Systems Modeling,Senior Simulation Architect,Head of Virtual Operations
Digital Twin & Simulation Engineer,Safe: AUS/NZ,MS Systems / Industrial Eng,48000,8,7,2200,6,6,86000,120000,155000,180000,240000,8,8,7,3.5,80,6,9,9,Physics Simulation,Systems Modeling,Senior Simulation Architect,Head of Virtual Operations
Digital Twin & Simulation Engineer,Safe: CAN,MS Systems / Industrial Eng,39000,8,7,3200,6,6,78000,108000,138000,165000,210000,8,8,8,2.5,80,6,9,9,Physics Simulation,Systems Modeling,Senior Simulation Architect,Head of Virtual Operations
Spatial Computing Engineer,High-Risk: USA,MS HCI / Spatial Tech,74000,7,6,3500,5,7,118000,170000,240000,320000,420000,4,6,2,9.0,65,7,10,8,XR Development,Interaction Design,Lead XR Developer,Head of Spatial Tech / Immersive Prod
Spatial Computing Engineer,Safe: AUS/NZ,MS HCI / Spatial Tech,48000,8,5,800,5,6,85000,122000,155000,185000,230000,5,6,7,3.5,65,6,10,8,XR Development,Interaction Design,Lead XR Developer,Head of Spatial Tech / Immersive Prod
Spatial Computing Engineer,Safe: CAN,MS HCI / Spatial Tech,42000,8,5,1100,5,6,78000,112000,140000,168000,205000,5,6,8,2.5,65,6,10,8,XR Development,Interaction Design,Lead XR Developer,Head of Spatial Tech / Immersive Prod
Quantitative Researcher,High-Risk: USA,MS Financial Eng / Math,85000,3,6,3500,4,10,175000,340000,580000,950000,2800000,4,5,2,8.5,58,4,2,10,Quantitative Math,Statistical Modeling,Senior Quant Portfolio Manager,Chief Investment Officer (CIO) / Partner
Quantitative Researcher,Safe: AUS/NZ,MS Financial Eng / Math,60000,4,5,500,4,9,110000,180000,280000,450000,800000,4,5,7,4.0,58,4,2,10,Quantitative Math,Statistical Modeling,Senior Quant Portfolio Manager,Chief Investment Officer (CIO) / Partner
Quantitative Researcher,Safe: CAN,MS Financial Eng / Math,45000,4,5,650,4,9,95000,160000,240000,380000,600000,4,5,8,2.5,58,4,2,10,Quantitative Math,Statistical Modeling,Senior Quant Portfolio Manager,Chief Investment Officer (CIO) / Partner
Quantitative Trader,High-Risk: USA,MS Applied Math / MFE,85000,3,5,2500,3,10,165000,310000,520000,850000,2500000,3,4,2,8.5,45,2,3,9,Risk Pricing,Fast Execution,Head of Algorithmic Trading,Partner / Managing Director
Quantitative Trader,Safe: AUS/NZ,MS Applied Math / MFE,60000,4,5,400,3,9,105000,170000,260000,400000,700000,3,4,7,4.0,45,2,3,9,Risk Pricing,Fast Execution,Head of Algorithmic Trading,Partner / Managing Director
Quantitative Trader,Safe: CAN,MS Applied Math / MFE,45000,4,5,500,3,9,92000,155000,220000,340000,550000,3,4,8,2.5,45,2,3,9,Risk Pricing,Fast Execution,Head of Algorithmic Trading,Partner / Managing Director
Quantitative Systems Developer,High-Risk: USA,MS CompSci (Systems),75000,6,7,4500,5,9,160000,250000,380000,540000,950000,6,8,2,8.5,82,4,5,10,Low-Latency Coding,Trading Systems,Lead Low-Latency Systems Architect,Chief Technology Officer (Prop/HFT)
Quantitative Systems Developer,Safe: AUS/NZ,MS CompSci (Systems),52000,7,6,800,5,8,108000,170000,235000,310000,440000,7,8,7,3.5,82,4,5,10,Low-Latency Coding,Trading Systems,Lead Low-Latency Systems Architect,Chief Technology Officer (Prop/HFT)
Quantitative Systems Developer,Safe: CAN,MS CompSci (Systems),40000,7,6,1100,5,8,98000,150000,205000,270000,380000,7,8,8,2.5,82,4,5,10,Low-Latency Coding,Trading Systems,Lead Low-Latency Systems Architect,Chief Technology Officer (Prop/HFT)
Quantitative Risk Analyst,High-Risk: USA,MS Fin Math / Data Sci,70000,4,7,6500,5,8,122000,180000,260000,350000,500000,6,7,2,8.5,50,5,3,8,Risk Analytics,Portfolio Optimization,Director of Financial Risk,Chief Risk Officer (CRO)
Quantitative Risk Analyst,Safe: AUS/NZ,MS Fin Math / Data Sci,52000,5,6,1500,5,7,90000,135000,185000,240000,320000,6,7,7,3.5,50,5,3,8,Risk Analytics,Portfolio Optimization,Director of Financial Risk,Chief Risk Officer (CRO)
Quantitative Risk Analyst,Safe: CAN,MS Fin Math / Data Sci,38000,5,6,1900,5,7,82000,120000,165000,210000,280000,6,7,8,2.5,50,5,3,8,Risk Analytics,Portfolio Optimization,Director of Financial Risk,Chief Risk Officer (CRO)
Web3 & Mechanism Designer,High-Risk: USA,MS CompSci / Game Theory,65000,6,7,1800,3,8,130000,190000,280000,400000,800000,3,5,2,8.5,75,9,7,8,Game Theory,Token Economics,Lead Protocol Architect,Founder / Chief Protocol Officer
Web3 & Mechanism Designer,Safe: AUS/NZ,MS CompSci / Game Theory,48000,7,6,300,3,7,95000,140000,190000,260000,450000,3,5,7,4.0,75,9,7,8,Game Theory,Token Economics,Lead Protocol Architect,Founder / Chief Protocol Officer
Web3 & Mechanism Designer,Safe: CAN,MS CompSci / Game Theory,36000,7,6,450,3,7,88000,125000,175000,240000,380000,3,5,8,2.5,75,9,7,8,Game Theory,Token Economics,Lead Protocol Architect,Founder / Chief Protocol Officer
Product Analyst / Associate PM,High-Risk: USA,MS Tech Management / MBA,80000,7,7,32000,7,8,120000,180000,265000,380000,750000,6,8,2,8.5,70,8,8,7,Product Strategy,Cross-Functional Leadership,Senior Product Manager / Group PM,Chief Product Officer (CPO) / CEO
Product Analyst / Associate PM,Safe: AUS/NZ,MS Tech Management / MBA,58000,8,6,7500,7,7,92000,135000,185000,250000,420000,7,8,7,3.5,70,7,8,7,Product Strategy,Cross-Functional Leadership,Senior Product Manager / Group PM,Chief Product Officer (CPO) / CEO
Product Analyst / Associate PM,Safe: CAN,MS Tech Management / MBA,44000,8,6,9800,7,7,84000,122000,165000,220000,350000,7,8,8,2.5,70,7,8,7,Product Strategy,Cross-Functional Leadership,Senior Product Manager / Group PM,Chief Product Officer (CPO) / CEO
Business & Strategy Analyst,High-Risk: USA,MBA (Strategy/Finance),100000,6,5,22000,7,9,135000,200000,300000,450000,850000,5,7,2,8.5,55,7,6,5,Strategic Planning,Financial Modeling,BizOps Director / Chief of Staff,Chief Operating Officer (COO) / CEO
Business & Strategy Analyst,Safe: AUS/NZ,MBA (Strategy/Finance),70000,7,5,5200,7,8,100000,148000,210000,290000,450000,6,7,7,4.0,55,6,6,5,Strategic Planning,Financial Modeling,BizOps Director / Chief of Staff,Chief Operating Officer (COO) / CEO
Business & Strategy Analyst,Safe: CAN,MBA (Strategy/Finance),52000,7,5,6500,7,8,92000,135000,185000,250000,380000,6,7,8,2.5,55,6,6,5,Strategic Planning,Financial Modeling,BizOps Director / Chief of Staff,Chief Operating Officer (COO) / CEO
Management & Tech Consultant,High-Risk: USA,MBA / MS Tech Management,95000,7,6,28000,7,8,138000,205000,310000,480000,900000,5,6,2,8.5,62,7,8,5,Business Advisory,Executive Communication,Engagement Manager / Consulting Director,Managing Director / Corporate VP
Management & Tech Consultant,Safe: AUS/NZ,MBA / MS Tech Management,65000,8,6,6500,7,7,100000,150000,215000,320000,500000,6,6,7,4.0,62,6,8,5,Business Advisory,Executive Communication,Engagement Manager / Consulting Director,Managing Director / Corporate VP
Management & Tech Consultant,Safe: CAN,MBA / MS Tech Management,48000,8,6,8200,7,7,92000,138000,192000,280000,420000,6,6,8,2.5,62,6,8,5,Business Advisory,Executive Communication,Engagement Manager / Consulting Director,Managing Director / Corporate VP
Technical Program Manager (TPM),High-Risk: USA,MS Eng Management / CompSci,72000,8,8,25000,8,8,135000,190000,270000,360000,550000,7,9,2,8.5,70,8,9,6,Program Management,Technical Risk Mitigation,Principal TPM / Director of Programs,VP of Technical Operations
Technical Program Manager (TPM),Safe: AUS/NZ,MS Eng Management / CompSci,54000,9,7,5500,8,7,105000,145000,195000,250000,360000,8,9,7,3.5,70,7,9,6,Program Management,Technical Risk Mitigation,Principal TPM / Director of Programs,VP of Technical Operations
Technical Program Manager (TPM),Safe: CAN,MS Eng Management / CompSci,40000,8,7,7200,8,7,95000,130000,175000,220000,310000,8,9,8,2.5,70,7,9,6,Program Management,Technical Risk Mitigation,Principal TPM / Director of Programs,VP of Technical Operations
Pricing & Revenue Analyst,High-Risk: USA,MS Econ / Applied Analytics,68000,6,6,11000,6,7,112000,165000,235000,320000,480000,6,8,2,8.5,50,8,6,7,Econometrics,Monetization Strategy,Director of Monetization & Pricing,Chief Commercial Officer (CCO)
Pricing & Revenue Analyst,Safe: AUS/NZ,MS Econ / Applied Analytics,52000,7,5,2500,6,6,86000,122000,168000,220000,310000,7,8,7,3.5,50,7,6,7,Econometrics,Monetization Strategy,Director of Monetization & Pricing,Chief Commercial Officer (CCO)
Pricing & Revenue Analyst,Safe: CAN,MS Econ / Applied Analytics,38000,7,5,3200,6,6,78000,112000,152000,198000,270000,7,8,8,2.5,50,7,6,7,Econometrics,Monetization Strategy,Director of Monetization & Pricing,Chief Commercial Officer (CCO)
Operations Research Analyst,High-Risk: USA,MS Operations Research,68000,6,7,12000,7,8,115000,165000,235000,320000,440000,7,8,2,8.5,70,6,6,9,Mathematical Optimization,Logistics Planning,Director of Supply Chain Optimization,VP of Global Supply Chain
Operations Research Analyst,Safe: AUS/NZ,MS Operations Research,54000,7,6,2800,7,7,88000,124000,160000,200000,260000,8,8,7,3.5,70,5,6,9,Mathematical Optimization,Logistics Planning,Director of Supply Chain Optimization,VP of Global Supply Chain
Operations Research Analyst,Safe: CAN,MS Operations Research,40000,7,6,3500,7,7,80000,112000,145000,180000,230000,8,8,8,2.5,70,5,6,9,Mathematical Optimization,Logistics Planning,Director of Supply Chain Optimization,VP of Global Supply Chain
Smart Infrastructure Modeler,High-Risk: USA,MS Energy / Urban Systems,64000,7,7,6500,6,7,105000,148000,200000,270000,360000,8,9,2,8.5,76,5,7,8,Capacity Planning,Systems Engineering,Lead Infrastructure Systems Modeler,Director of Smart Infrastructure
Smart Infrastructure Modeler,Safe: AUS/NZ,MS Energy / Urban Systems,52000,8,6,1800,6,6,84000,116000,146000,182000,230000,9,9,7,3.5,76,4,7,8,Capacity Planning,Systems Engineering,Lead Infrastructure Systems Modeler,Director of Smart Infrastructure
Smart Infrastructure Modeler,Safe: CAN,MS Energy / Urban Systems,38000,8,6,2200,6,6,76000,106000,136000,166000,210000,9,9,8,2.5,76,4,7,8,Capacity Planning,Systems Engineering,Lead Infrastructure Systems Modeler,Director of Smart Infrastructure
Developer Relations Advocate,High-Risk: USA,MS CompSci / HCI,68000,7,7,5500,6,7,125000,175000,240000,320000,460000,5,7,2,8.5,58,9,8,6,Developer Evangelism,Technical Writing & Coding,Director of Developer Ecosystem,VP of Developer Platform
Developer Relations Advocate,Safe: AUS/NZ,MS CompSci / HCI,50000,8,6,1000,6,6,92000,130000,175000,225000,310000,6,7,7,3.5,58,8,8,6,Developer Evangelism,Technical Writing & Coding,Director of Developer Ecosystem,VP of Developer Platform
Developer Relations Advocate,Safe: CAN,MS CompSci / HCI,38000,8,6,1400,6,6,84000,118000,155000,195000,265000,6,7,8,2.5,58,8,8,6,Developer Evangelism,Technical Writing & Coding,Director of Developer Ecosystem,VP of Developer Platform
